step,time_seconds,time_days,mean_wind_low,mean_rho_prime,mean_w_mid
0,0.000000,0.00000000,1.5708054543e+01,0.0000000000e+00,0.0000000000e+00
20,4.000000,0.00004630,1.5708035469e+01,-7.1330283902e-08,-6.8178729862e-07
40,8.000000,0.00009259,1.5707992554e+01,-2.6438419809e-07,-4.8325882744e-06
60,12.000000,0.00013889,1.5707926750e+01,-5.4787182080e-07,-1.5515930500e-05
80,16.000000,0.00018519,1.5707840919e+01,-9.3052818784e-07,-3.6032073695e-05
100,20.000000,0.00023148,1.5707736015e+01,-1.3955731220e-06,-6.9949099270e-05
120,24.000000,0.00027778,1.5707612991e+01,-1.9628046175e-06,-1.2032929226e-04
140,28.000000,0.00032407,1.5707470894e+01,-2.6246104881e-06,-1.9108669949e-04
160,32.000000,0.00037037,1.5707313538e+01,-3.3539870401e-06,-2.7199657052e-04
180,36.000000,0.00041667,1.5707137108e+01,-4.1763601075e-06,-3.5090788151e-04
200,40.000000,0.00046296,1.5706948280e+01,-5.0685875976e-06,-4.4086185517e-04
220,44.000000,0.00050926,1.5706741333e+01,-6.0402439885e-06,-5.2117399173e-04
240,48.000000,0.00055556,1.5706519127e+01,-7.0802302616e-06,-6.1168835964e-04
260,52.000000,0.00060185,1.5706280708e+01,-8.1943080659e-06,-7.0051028160e-04
280,56.000000,0.00064815,1.5706027031e+01,-9.3795906650e-06,-7.8442733502e-04
300,60.000000,0.00069444,1.5705756187e+01,-1.0639969332e-05,-8.6546927923e-04
320,64.000000,0.00074074,1.5705466270e+01,-1.1977304894e-05,-9.4197777798e-04
340,68.000000,0.00078704,1.5705157280e+01,-1.3391435459e-05,-1.0033228900e-03
360,72.000000,0.00083333,1.5704829216e+01,-1.4885928977e-05,-1.0497280164e-03
380,76.000000,0.00087963,1.5704478264e+01,-1.6462687199e-05,-1.0845371289e-03
400,80.000000,0.00092593,1.5704103470e+01,-1.8125743736e-05,-1.1276544537e-03
420,84.000000,0.00097222,1.5703703880e+01,-1.9877850718e-05,-1.1785123497e-03
440,88.000000,0.00101852,1.5703276634e+01,-2.1732626919e-05,-1.2232875451e-03
460,92.000000,0.00106481,1.5702819824e+01,-2.3713519113e-05,-1.2753321789e-03
480,96.000000,0.00111111,1.5702332497e+01,-2.5818091672e-05,-1.3244076399e-03
500,100.000000,0.00115741,1.5701809883e+01,-2.8010581445e-05,-1.3708978659e-03
520,104.000000,0.00120370,1.5701251984e+01,-3.0259685445e-05,-1.4308332466e-03
540,108.000000,0.00125000,1.5700658798e+01,-3.2568255847e-05,-1.4800652862e-03
560,112.000000,0.00129630,1.5700023651e+01,-3.4980497730e-05,-1.5498488210e-03
580,116.000000,0.00134259,1.5699348450e+01,-3.7463163608e-05,-1.6293888912e-03
600,120.000000,0.00138889,1.5698626518e+01,-4.0034978156e-05,-1.7187965568e-03
620,124.000000,0.00143519,1.5697856903e+01,-4.2702238716e-05,-1.8013169756e-03
640,128.000000,0.00148148,1.5697037697e+01,-4.5429835154e-05,-1.8713534810e-03
660,132.000000,0.00152778,1.5696166992e+01,-4.8274381697e-05,-1.9366808701e-03
680,136.000000,0.00157407,1.5695240974e+01,-5.1190781960e-05,-1.9996189512e-03
700,140.000000,0.00162037,1.5694258690e+01,-5.4193722463e-05,-2.0564359147e-03
720,144.000000,0.00166667,1.5693216324e+01,-5.7297671447e-05,-2.1114849951e-03
740,148.000000,0.00171296,1.5692112923e+01,-6.0504869907e-05,-2.1655641031e-03
760,152.000000,0.00175926,1.5690947533e+01,-6.3822990342e-05,-2.2105930839e-03
780,156.000000,0.00180556,1.5689714432e+01,-6.7243730882e-05,-2.2546891123e-03
800,160.000000,0.00185185,1.5688418388e+01,-7.0781541581e-05,-2.2839412559e-03
820,164.000000,0.00189815,1.5687051773e+01,-7.4419760494e-05,-2.2955622990e-03
840,168.000000,0.00194444,1.5685616493e+01,-7.8170487541e-05,-2.3143545259e-03
860,172.000000,0.00199074,1.5684106827e+01,-8.2022022980e-05,-2.3484756239e-03
880,176.000000,0.00203704,1.5682523727e+01,-8.5967847554e-05,-2.3934692144e-03
900,180.000000,0.00208333,1.5680861473e+01,-9.0028283012e-05,-2.4411620107e-03
