model,variable,level,lead_hours,rmse
GraphCast,geopotential,500,24,39.76920276868289
GraphCast,geopotential,500,72,124.19221602012179
GraphCast,geopotential,500,120,274.2508853886944
GraphCast,geopotential,500,240,731.9030122192933
GraphCast,temperature,850,24,0.518906500851255
GraphCast,temperature,850,72,0.9483807819412675
GraphCast,temperature,850,120,1.5591516554972384
GraphCast,temperature,850,240,3.361923469059638
GraphCast,temperature,500,24,0.3872417647051522
GraphCast,temperature,500,72,0.8147560352743741
GraphCast,temperature,500,120,1.4313578000664748
GraphCast,temperature,500,240,3.099475888901682
GraphCast,u_component_of_wind,850,24,1.0002208150032972
GraphCast,u_component_of_wind,850,72,1.9425389743023453
GraphCast,u_component_of_wind,850,120,3.1296029550958995
GraphCast,u_component_of_wind,850,240,5.782314988790136
GraphCast,u_component_of_wind,700,24,1.123793751266695
GraphCast,u_component_of_wind,700,72,2.1020217302062765
GraphCast,u_component_of_wind,700,120,3.3120812063670555
GraphCast,u_component_of_wind,700,240,6.244003641900886
GraphCast,u_component_of_wind,500,24,1.3367550556020413
GraphCast,u_component_of_wind,500,72,2.641400629157258
GraphCast,u_component_of_wind,500,120,4.257601198471529
GraphCast,u_component_of_wind,500,240,8.160717829191833
GraphCast,v_component_of_wind,850,24,1.0190370245508653
GraphCast,v_component_of_wind,850,72,1.9705911419206037
GraphCast,v_component_of_wind,850,120,3.1734414284971266
GraphCast,v_component_of_wind,850,240,5.815735394304401
GraphCast,v_component_of_wind,700,24,1.1419412112192244
GraphCast,v_component_of_wind,700,72,2.1268674224477757
GraphCast,v_component_of_wind,700,120,3.378790829472655
GraphCast,v_component_of_wind,700,240,6.3412429476943295
GraphCast,v_component_of_wind,500,24,1.38374387217714
GraphCast,v_component_of_wind,500,72,2.7222926540795784
GraphCast,v_component_of_wind,500,120,4.4470726864010715
GraphCast,v_component_of_wind,500,240,8.575223680545468
GraphCast,specific_humidity,700,24,0.00047402896713461733
GraphCast,specific_humidity,700,72,0.0007975831031321367
GraphCast,specific_humidity,700,120,0.001060934916338995
GraphCast,specific_humidity,700,240,0.0015916916972595336
IFS-HRES,geopotential,500,24,47.191097041732014
IFS-HRES,geopotential,500,72,137.21015215834217
IFS-HRES,geopotential,500,120,305.4768311946461
IFS-HRES,geopotential,500,240,802.7470907349121
IFS-HRES,temperature,850,24,0.7304659716963592
IFS-HRES,temperature,850,72,1.17622630945438
IFS-HRES,temperature,850,120,1.8360891750990804
IFS-HRES,temperature,850,240,3.654320376753306
IFS-HRES,temperature,500,24,0.47472381303190725
IFS-HRES,temperature,500,72,0.9479983632255757
IFS-HRES,temperature,500,120,1.6447818538555667
IFS-HRES,temperature,500,240,3.374962664125419
IFS-HRES,u_component_of_wind,850,24,1.3020086729695408
IFS-HRES,u_component_of_wind,850,72,2.3449074745581897
IFS-HRES,u_component_of_wind,850,120,3.67989174665886
IFS-HRES,u_component_of_wind,850,240,6.460201856007387
IFS-HRES,u_component_of_wind,700,24,1.4339251249680416
IFS-HRES,u_component_of_wind,700,72,2.4986707663757888
IFS-HRES,u_component_of_wind,700,120,3.879903291898329
IFS-HRES,u_component_of_wind,700,240,7.00433236121796
IFS-HRES,u_component_of_wind,500,24,1.5828949694998034
IFS-HRES,u_component_of_wind,500,72,3.0632718189400925
IFS-HRES,u_component_of_wind,500,120,4.942475819543982
IFS-HRES,u_component_of_wind,500,240,9.126908966389529
IFS-HRES,v_component_of_wind,850,24,1.3185045734631273
IFS-HRES,v_component_of_wind,850,72,2.3636879359014107
IFS-HRES,v_component_of_wind,850,120,3.7216201348503795
IFS-HRES,v_component_of_wind,850,240,6.52950445320204
IFS-HRES,v_component_of_wind,700,24,1.4353474299862174
IFS-HRES,v_component_of_wind,700,72,2.5127950359222906
IFS-HRES,v_component_of_wind,700,120,3.9411544771983484
IFS-HRES,v_component_of_wind,700,240,7.133807250293964
IFS-HRES,v_component_of_wind,500,24,1.6149610727838124
IFS-HRES,v_component_of_wind,500,72,3.152250208719984
IFS-HRES,v_component_of_wind,500,120,5.1532783352668154
IFS-HRES,v_component_of_wind,500,240,9.595731068229366
IFS-HRES,specific_humidity,700,24,0.0006541979752036266
IFS-HRES,specific_humidity,700,72,0.001015387036599987
IFS-HRES,specific_humidity,700,120,0.0013158280995752458
IFS-HRES,specific_humidity,700,240,0.0018479818101014554
Pangu,geopotential,500,24,44.31578458200089
Pangu,geopotential,500,72,133.848630747836
Pangu,geopotential,500,120,294.3081462751104
Pangu,geopotential,500,240,778.2308094843506
Pangu,temperature,850,24,0.6201073699353232
Pangu,temperature,850,72,1.055575681706665
Pangu,temperature,850,120,1.7132734601068684
Pangu,temperature,850,240,3.54852928124644
Pangu,temperature,500,24,0.4329464337695153
Pangu,temperature,500,72,0.8722287676909805
Pangu,temperature,500,120,1.5439935138085596
Pangu,temperature,500,240,3.294773706138678
Pangu,u_component_of_wind,850,24,1.1657609166219207
Pangu,u_component_of_wind,850,72,2.110815691825642
Pangu,u_component_of_wind,850,120,3.3886741760148125
Pangu,u_component_of_wind,850,240,6.210442086043658
Pangu,u_component_of_wind,700,24,1.2940838104028491
Pangu,u_component_of_wind,700,72,2.252573711556657
Pangu,u_component_of_wind,700,120,3.562084871500662
Pangu,u_component_of_wind,700,240,6.71672936298704
Pangu,u_component_of_wind,500,24,1.4874332102130756
Pangu,u_component_of_wind,500,72,2.810786261198091
Pangu,u_component_of_wind,500,120,4.576133691416596
Pangu,u_component_of_wind,500,240,8.775407542973417
Pangu,v_component_of_wind,850,24,1.1907358549486473
Pangu,v_component_of_wind,850,72,2.148904734820067
Pangu,v_component_of_wind,850,120,3.4529131825780803
Pangu,v_component_of_wind,850,240,6.2519434865182895
Pangu,v_component_of_wind,700,24,1.3147757419281152
Pangu,v_component_of_wind,700,72,2.2784231284436256
Pangu,v_component_of_wind,700,120,3.640885065227891
Pangu,v_component_of_wind,700,240,6.824484939615317
Pangu,v_component_of_wind,500,24,1.5332663666294617
Pangu,v_component_of_wind,500,72,2.902608409761446
Pangu,v_component_of_wind,500,120,4.796895068832811
Pangu,v_component_of_wind,500,240,9.218855996673783
Pangu,specific_humidity,700,24,0.0005382896729923377
Pangu,specific_humidity,700,72,0.0008820645995836177
Pangu,specific_humidity,700,120,0.0011909173095062393
Pangu,specific_humidity,700,240,0.001793622312329166
NeuralGCM,geopotential,500,24,37.9376591969314
NeuralGCM,geopotential,500,72,115.69606976132067
NeuralGCM,geopotential,500,120,267.13359806544037
NeuralGCM,geopotential,500,240,751.4130216823905
NeuralGCM,temperature,850,24,0.5470118167498658
NeuralGCM,temperature,850,72,0.9715403355093393
NeuralGCM,temperature,850,120,1.587346049560361
NeuralGCM,temperature,850,240,3.427999851834836
NeuralGCM,temperature,500,24,0.375501551489209
NeuralGCM,temperature,500,72,0.810242354125496
NeuralGCM,temperature,500,120,1.4504291062745984
NeuralGCM,temperature,500,240,3.2033795074558915
NeuralGCM,u_component_of_wind,850,24,1.049627242930459
NeuralGCM,u_component_of_wind,850,72,1.978603447199802
NeuralGCM,u_component_of_wind,850,120,3.219950223993267
NeuralGCM,u_component_of_wind,850,240,6.09667761645423
NeuralGCM,u_component_of_wind,700,24,1.1508646854903728
NeuralGCM,u_component_of_wind,700,72,2.144487213275587
NeuralGCM,u_component_of_wind,700,120,3.427039009300272
NeuralGCM,u_component_of_wind,700,240,6.60178606712938
NeuralGCM,u_component_of_wind,500,24,1.3090606060220642
NeuralGCM,u_component_of_wind,500,72,2.6465223176088917
NeuralGCM,u_component_of_wind,500,120,4.366093465736074
NeuralGCM,u_component_of_wind,500,240,8.596258670975711
NeuralGCM,v_component_of_wind,850,24,1.071031268146734
NeuralGCM,v_component_of_wind,850,72,2.009252237455029
NeuralGCM,v_component_of_wind,850,120,3.2762253741123204
NeuralGCM,v_component_of_wind,850,240,6.156614685487304
NeuralGCM,v_component_of_wind,700,24,1.1676652664316287
NeuralGCM,v_component_of_wind,700,72,2.1733878988733983
NeuralGCM,v_component_of_wind,700,120,3.5072137791092572
NeuralGCM,v_component_of_wind,700,240,6.752986539409155
NeuralGCM,v_component_of_wind,500,24,1.3482496417171346
NeuralGCM,v_component_of_wind,500,72,2.748013324404115
NeuralGCM,v_component_of_wind,500,120,4.594140566831469
NeuralGCM,v_component_of_wind,500,240,9.082544045040164
NeuralGCM,specific_humidity,700,24,0.00048769870770694855
NeuralGCM,specific_humidity,700,72,0.0008369318743997362
NeuralGCM,specific_humidity,700,120,0.0011293395357753568
NeuralGCM,specific_humidity,700,240,0.0017148786597336492
Keisler,geopotential,500,24,66.86724012061771
Keisler,geopotential,500,72,174.6836638479452
Keisler,geopotential,500,120,345.97452015505735
Keisler,geopotential,500,240,787.0136664697827
Keisler,temperature,850,24,0.8161387194142578
Keisler,temperature,850,72,1.227385919096436
Keisler,temperature,850,120,1.8722902889845998
Keisler,temperature,850,240,3.5588901315053874
Keisler,temperature,500,24,0.6399797220838133
Keisler,temperature,500,72,1.0761290405708694
Keisler,temperature,500,120,1.7335751533311863
Keisler,temperature,500,240,3.3215807594446085
Keisler,u_component_of_wind,850,24,1.584865985501609
Keisler,u_component_of_wind,850,72,2.4681424084104204
Keisler,u_component_of_wind,850,120,3.6388738559858917
Keisler,u_component_of_wind,850,240,6.1055030584247305
Keisler,u_component_of_wind,700,24,1.72827280496317
Keisler,u_component_of_wind,700,72,2.649556447016816
Keisler,u_component_of_wind,700,120,3.855835703351986
Keisler,u_component_of_wind,700,240,6.625891920660207
Keisler,u_component_of_wind,500,24,2.077015865243981
Keisler,u_component_of_wind,500,72,3.337527718349406
Keisler,u_component_of_wind,500,120,4.9560462513206724
Keisler,u_component_of_wind,500,240,8.661181500595617
Keisler,v_component_of_wind,850,24,1.6257576162447467
Keisler,v_component_of_wind,850,72,2.501252483841044
Keisler,v_component_of_wind,850,120,3.6972734204820497
Keisler,v_component_of_wind,850,240,6.12146823221629
Keisler,v_component_of_wind,700,24,1.768765275093064
Keisler,v_component_of_wind,700,72,2.6722700755293802
Keisler,v_component_of_wind,700,120,3.9358957041943445
Keisler,v_component_of_wind,700,240,6.699046228282625
Keisler,v_component_of_wind,500,24,2.1486440301336454
Keisler,v_component_of_wind,500,72,3.423992198986585
Keisler,v_component_of_wind,500,120,5.187508517724289
Keisler,v_component_of_wind,500,240,9.058258511413129
Keisler,specific_humidity,700,24,0.0006578395363413593
Keisler,specific_humidity,700,72,0.0009404991046813647
Keisler,specific_humidity,700,120,0.0011925017523857387
Keisler,specific_humidity,700,240,0.0016594500111269813
FuXi,geopotential,500,24,40.077082909461645
FuXi,geopotential,500,72,125.37677045482465
FuXi,geopotential,500,120,277.0710935600833
FuXi,geopotential,500,240,631.6548689490904
FuXi,temperature,850,24,0.5476821247913376
FuXi,temperature,850,72,0.9773213765323472
FuXi,temperature,850,120,1.596049137668253
FuXi,temperature,850,240,2.9179813742501044
FuXi,temperature,500,24,0.39696624893553484
FuXi,temperature,500,72,0.8206879253553361
FuXi,temperature,500,120,1.4403214398829516
FuXi,temperature,500,240,2.6603591919039005
FuXi,u_component_of_wind,850,24,1.033950223424983
FuXi,u_component_of_wind,850,72,1.9678922996869015
FuXi,u_component_of_wind,850,120,3.1599895310443884
FuXi,u_component_of_wind,850,240,4.971274625820371
FuXi,u_component_of_wind,500,24,1.364471777359157
FuXi,u_component_of_wind,500,72,2.656418895010838
FuXi,u_component_of_wind,500,120,4.2865398072972605
FuXi,u_component_of_wind,500,240,7.061499511198147
FuXi,v_component_of_wind,850,24,1.0546839643545285
FuXi,v_component_of_wind,850,72,2.0030696787570625
FuXi,v_component_of_wind,850,120,3.2214759690882078
FuXi,v_component_of_wind,850,240,4.986589659470443
FuXi,v_component_of_wind,500,24,1.4064582987618448
FuXi,v_component_of_wind,500,72,2.7516889504904984
FuXi,v_component_of_wind,500,120,4.5059197671702975
FuXi,v_component_of_wind,500,240,7.338274835485476
ERA5-Climatology,geopotential,500,24,819.3533129903822
ERA5-Climatology,geopotential,500,72,820.053545149835
ERA5-Climatology,geopotential,500,120,820.8729623330739
ERA5-Climatology,geopotential,500,240,821.7620135876
ERA5-Climatology,temperature,850,24,3.4437490433709654
ERA5-Climatology,temperature,850,72,3.44202940240615
ERA5-Climatology,temperature,850,120,3.441473075359279
ERA5-Climatology,temperature,850,240,3.4476289202069617
ERA5-Climatology,temperature,500,24,3.1803746308178713
ERA5-Climatology,temperature,500,72,3.18072715209988
ERA5-Climatology,temperature,500,120,3.180308974719071
ERA5-Climatology,temperature,500,240,3.179587191969778
ERA5-Climatology,u_component_of_wind,850,24,5.683587831230099
ERA5-Climatology,u_component_of_wind,850,72,5.686740526180681
ERA5-Climatology,u_component_of_wind,850,120,5.691369455332663
ERA5-Climatology,u_component_of_wind,850,240,5.693511547055243
ERA5-Climatology,u_component_of_wind,700,24,6.4265086547615295
ERA5-Climatology,u_component_of_wind,700,72,6.4293176081493755
ERA5-Climatology,u_component_of_wind,700,120,6.434550843711604
ERA5-Climatology,u_component_of_wind,700,240,6.437963456670619
ERA5-Climatology,u_component_of_wind,500,24,8.3954260902411
ERA5-Climatology,u_component_of_wind,500,72,8.401122553139936
ERA5-Climatology,u_component_of_wind,500,120,8.407890573777655
ERA5-Climatology,u_component_of_wind,500,240,8.413872660242776
ERA5-Climatology,v_component_of_wind,850,24,5.493181624097154
ERA5-Climatology,v_component_of_wind,850,72,5.490451073974509
ERA5-Climatology,v_component_of_wind,850,120,5.488101877685198
ERA5-Climatology,v_component_of_wind,850,240,5.481786274875741
ERA5-Climatology,v_component_of_wind,700,24,6.186061801556754
ERA5-Climatology,v_component_of_wind,700,72,6.183001254879936
ERA5-Climatology,v_component_of_wind,700,120,6.179732198282796
ERA5-Climatology,v_component_of_wind,700,240,6.17137334775428
ERA5-Climatology,v_component_of_wind,500,24,8.2913935628425
ERA5-Climatology,v_component_of_wind,500,72,8.285004986909524
ERA5-Climatology,v_component_of_wind,500,120,8.27892010256801
ERA5-Climatology,v_component_of_wind,500,240,8.267510952628728
ERA5-Climatology,specific_humidity,700,24,0.0015999467610117496
ERA5-Climatology,specific_humidity,700,72,0.001599692088306726
ERA5-Climatology,specific_humidity,700,120,0.0015994276028078666
ERA5-Climatology,specific_humidity,700,240,0.0015991447150606835
