# name	restart_day	target_day	repo	extra
# Snow thermal node A/B (user-approved 2026-10-03). Restart: COPY of mv3y_vl
# checkpoint_day_<restart> only (day 245 = 2001-09-03 00Z, 255 = 2001-09-13 00Z).
# Arms run feat/land-snow-insulation with the switch ON; controls run the base
# commit e94825017 (shared with the snow-albedo arm, gated on a bit-identical
# 1-day switch-off check). Each arm is scored ONLY against the control with the
# SAME restart day.
sh_on_a	245	365	/work/bd1083/b309178/diffESM/legoesm_pg/wt_snowheat	 --land-snow-insulation
sh_on_b	255	365	/work/bd1083/b309178/diffESM/legoesm_pg/wt_snowheat	 --land-snow-insulation
sh_ctl_a	245	365	/work/bd1083/b309178/diffESM/legoesm_pg/wt_snowheat_base	
sh_ctl_b	255	365	/work/bd1083/b309178/diffESM/legoesm_pg/wt_snowheat_base	
# 1-day bit-identity gate (switch OFF on the branch vs base, same restart)
sh_gate_off	245	246	/work/bd1083/b309178/diffESM/legoesm_pg/wt_snowheat	 --no-land-snow-insulation
sh_gate_base	245	246	/work/bd1083/b309178/diffESM/legoesm_pg/wt_snowheat_base	
