date,commit,tag,grid,backend,mode,value,metric,job,note
2026-06-10,pre,baseline,ocean_latlon,mpi,halo,63,exch_per_step,,pre-campaign N/S exchanges/step (LL64 implicit_cn)
2026-06-10,8459326,fused_halo,ocean_latlon,mpi,halo,39,exch_per_step,8459326,fused multi-field + static-fold
2026-06-13,1f142625,vmask_hoist,ocean_latlon,mpi,halo,37,exch_per_step,8475102,vertex-mask hoisted out of step
2026-06-13,7a7100d6,neumann_cast,ocean_latlon,mpi,halo,32,exch_per_step,8475945,neumann field+mask dtype-pack
2026-06-10,pre,baseline,ocean_latlon,mpi,strong,0.35,eff_np8,,LL128 f64 strong eff np8 pre-fix
2026-06-10,8459326,fused_halo,ocean_latlon,mpi,strong,0.55,eff_np8,8459326,LL128 f64 strong eff np8 post fused+fold
2026-06-10,pre,baseline,ocean_latlon,mpi,weak,4.65,growth_np1to8,,weak band rows/rank=48 growth np1->8 (lower better)
2026-06-10,8459326,fused_halo,ocean_latlon,mpi,weak,2.95,growth_np1to8,8459326,post fused+fold
2026-06-10,pre,baseline,atm_cube,gpu,strong,0.46,eff_2gpu_f32,,C96 f32 1->2 GPU pre-fix
2026-06-10,multiface,ppermute_fix,atm_cube,gpu,strong,0.64,eff_2gpu_f32,8457520,C192 f32 post multiface-ppermute
2026-06-10,multiface,ppermute_fix,atm_cube,gpu,strong,0.73,eff_2gpu_f64,8457520,C192 f64 (PCIe roofline)
2026-06-11,e209bbb0,a1_spmd,atm_cube,spmd,multinode,2.42,speedup_np6,8460192,C96 1proc/node multinode SPMD vs serial
2026-06-11,82093cfe,latlon_fuse,atm_latlon,mpi,halo,6,exch_per_step,8460429,atm latlon fused entry pads (15->6)
2026-06-13,a3b9c597,zonal_line,ocean_latlon,mpi,precond,1.24,speedup_le8pernode,8475325,zonal_line+single_reduce vs jacobi M60 np16 <=8/node
2026-06-13,a3b9c597,zonal_line,ocean_latlon,mpi,precond,1.00,speedup_prodtile,8475875,production tile (rows/rank=48): neutral (barotropic ~7% of step)
2026-06-13,cabd2819,latlon2d_halo,ocean_latlon,mpi,strong,1.73,halo_2dover1d_np16,8477039,2D 4x4 59.3ms vs 1D-band 34.2ms — 2D HURTS (latency fabric); DEFER 2D step integ
2026-06-13,cabd2819,latlon2d_halo,ocean_latlon,mpi,strong,1.58,halo_2dover1d_np32,8477039,2D 8x4 68.0ms vs 1D-band 43.1ms — 2D HURTS; 1D band not exhausted till np>n_lat
2026-06-13,0293f865,chebyshev,ocean_latlon,mpi,precond,2.31,speedup_iters_d8,8478404,cheby deg8 35 iters to rel1e-6 vs jacobi >80 (budget-censored lower bound); coastal 48x96; cuts latency-bound global reductions >=2.3x; deg4=72iters
2026-06-13,7d153934,tridiag_lapack,atm_cpu,cpu,vmix,13.1,tridiag_lapack_cpu,8478438,LAPACK gtsv vs fori-loop Thomas CPU; C96-scale 55296col x72lev 4143ms->317ms; 8.4x@20k/32 13.0x@50k/64; parity 8.9e-16; opt-in LEGOESM_TRIDIAG=lapack
2026-06-14,ec1b0a36,lnps_pack,atm_cube,spmd,halo,2,collective_cut,8481289,PE ln_ps+hybrid_factor ride the {zeta,B,1/T} stage pack; -2 cross-rank collectives/RK3-substep (hybrid AMIP) on multinode-SPMD/CPU-MPI; provable-by-construction count-cut; SPMD16/16+MPI5/5 parity (bit-identical); re-audit lever
2026-06-14,83a180bd,divv_pack,atm_cube,spmd,halo,3,collective_cut,8481480,div_v completes the PE stage-pack; ALL 6 cube-PE scalars {zeta,B,1/T,ln_ps,hf,div_v} in ONE collective; -3 cross-rank collectives/RK3-substep (div_damp+hybrid AMIP, non-async); SPMD16/16+MPI5/5 parity (bit-identical)
2026-06-11,e209bbb0,a1_spmd,atm_cube,spmd,capability,6,tiled_np_validated,8460192,face-SPMD cube ceiling = 6 faces (1 device/face) before sub-face tiling
2026-06-14,7d5c5188,tiled_np24,atm_cube,spmd,capability,24,tiled_np_validated,8482583,full fv3_sw_tendencies sub-face tiled np24=6x2x2 bit-EXACT on 2 nodes (200 cross-proc collective-permute) — np54 host-gate; np>6 future-HW (anti-scales Gloo-TCP so capability not speedup)
2026-06-14,eb1fe737,tiled_3d_vort,atm_cube,spmd,capability,1,ops3d_np24,8484502,dgrid_vorticity = first fv3_hydrostatic_tendencies (3D PE) op np24-tiled 4D bit-identity (host + shard_map); grows as cc2c/geopotential/ln_ps PGF tile toward the full 3D stage
2026-06-14,2fc8897c,tiled_3d_alinterp,atm_cube,spmd,capability,3,ops3d_np24,8485473,arakawa_lamb_gradient + interp_corner_to_center np24 4D stages added (now 3 shared 3D-PE cc-ops np24-tiled: +dgrid_vorticity); bit-identity host+shard_map
2026-06-14,8fd4ef0d,tiled_3d_vel,atm_cube,spmd,capability,5,ops3d_np24,8485629,dgrid_to_cgrid + dgrid_to_center_vector np24 4D (both LOCAL within-face; no vector halo unlike SW) — now 5 shared 3D-PE cube ops np24-tiled
