step,time_seconds,time_days,mean_wind_speed,mean_height
0,0.000000,0.00000000,1.5708055496e+01,5.6373530273e+03
20,9000.000000,0.10416667,1.5967734337e+01,5.6373452148e+03
40,18000.000000,0.20833333,1.5988150597e+01,5.6373583984e+03
60,27000.000000,0.31250000,1.5989537239e+01,5.6373398438e+03
80,36000.000000,0.41666667,1.5966381073e+01,5.6373334961e+03
100,45000.000000,0.52083333,1.6234573364e+01,5.6373120117e+03
120,54000.000000,0.62500000,1.6184741974e+01,5.6373203125e+03
140,63000.000000,0.72916667,1.5866854668e+01,5.6373344727e+03
160,72000.000000,0.83333333,1.6105136871e+01,5.6373305664e+03
180,81000.000000,0.93750000,1.6360645294e+01,5.6373549805e+03
200,90000.000000,1.04166667,1.6150999069e+01,5.6373544922e+03
220,99000.000000,1.14583333,1.5950450897e+01,5.6373569336e+03
240,108000.000000,1.25000000,1.6128887177e+01,5.6373764648e+03
260,117000.000000,1.35416667,1.6086782455e+01,5.6373754883e+03
280,126000.000000,1.45833333,1.5999429703e+01,5.6373745117e+03
300,135000.000000,1.56250000,1.6097543716e+01,5.6373510742e+03
320,144000.000000,1.66666667,1.6211639404e+01,5.6373505859e+03
340,153000.000000,1.77083333,1.6151962280e+01,5.6373496094e+03
360,162000.000000,1.87500000,1.5837041855e+01,5.6373569336e+03
380,171000.000000,1.97916667,1.6211742401e+01,5.6373466797e+03
400,180000.000000,2.08333333,1.6395215988e+01,5.6373530273e+03
420,189000.000000,2.18750000,1.5935317993e+01,5.6373535156e+03
440,198000.000000,2.29166667,1.5953580856e+01,5.6373452148e+03
460,207000.000000,2.39583333,1.6164941788e+01,5.6373496094e+03
480,216000.000000,2.50000000,1.6167484283e+01,5.6373549805e+03
500,225000.000000,2.60416667,1.6071786880e+01,5.6373569336e+03
520,234000.000000,2.70833333,1.5917492867e+01,5.6373637695e+03
540,243000.000000,2.81250000,1.6139711380e+01,5.6373696289e+03
560,252000.000000,2.91666667,1.6219249725e+01,5.6373710938e+03
580,261000.000000,3.02083333,1.5945801735e+01,5.6373657227e+03
600,270000.000000,3.12500000,1.6060411453e+01,5.6373701172e+03
620,279000.000000,3.22916667,1.6181150436e+01,5.6373720703e+03
640,288000.000000,3.33333333,1.5924530983e+01,5.6373828125e+03
660,297000.000000,3.43750000,1.5985128403e+01,5.6373842773e+03
680,306000.000000,3.54166667,1.6090211868e+01,5.6373798828e+03
700,315000.000000,3.64583333,1.5990362167e+01,5.6373769531e+03
720,324000.000000,3.75000000,1.6113588333e+01,5.6373862305e+03
740,333000.000000,3.85416667,1.6161394119e+01,5.6373994141e+03
760,342000.000000,3.95833333,1.6071178436e+01,5.6373862305e+03
780,351000.000000,4.06250000,1.5967001915e+01,5.6373930664e+03
800,360000.000000,4.16666667,1.6025529861e+01,5.6373876953e+03
820,369000.000000,4.27083333,1.6257093430e+01,5.6373896484e+03
840,378000.000000,4.37500000,1.6131439209e+01,5.6373901367e+03
860,387000.000000,4.47916667,1.5934177399e+01,5.6373935547e+03
880,396000.000000,4.58333333,1.6085830688e+01,5.6374003906e+03
900,405000.000000,4.68750000,1.6172063828e+01,5.6374160156e+03
920,414000.000000,4.79166667,1.6095628738e+01,5.6374130859e+03
940,423000.000000,4.89583333,1.6050336838e+01,5.6374091797e+03
960,432000.000000,5.00000000,1.6223056793e+01,5.6374067383e+03
980,441000.000000,5.10416667,1.6207983017e+01,5.6374057617e+03
1000,450000.000000,5.20833333,1.5897062302e+01,5.6373979492e+03
1020,459000.000000,5.31250000,1.6105569839e+01,5.6373916016e+03
1040,468000.000000,5.41666667,1.6401418686e+01,5.6374155273e+03
1060,477000.000000,5.52083333,1.6231742859e+01,5.6374218750e+03
1080,486000.000000,5.62500000,1.6031078339e+01,5.6374194336e+03
1100,495000.000000,5.72916667,1.6199766159e+01,5.6374160156e+03
1120,504000.000000,5.83333333,1.6347871780e+01,5.6374204102e+03
1140,513000.000000,5.93750000,1.6120283127e+01,5.6374335938e+03
1160,522000.000000,6.04166667,1.6180986404e+01,5.6374423828e+03
1180,531000.000000,6.14583333,1.6250753403e+01,5.6374272461e+03
1200,540000.000000,6.25000000,1.6215625763e+01,5.6374497070e+03
1220,549000.000000,6.35416667,1.6269372940e+01,5.6374501953e+03
1240,558000.000000,6.45833333,1.6116352081e+01,5.6374536133e+03
1260,567000.000000,6.56250000,1.6181987762e+01,5.6374726562e+03
1280,576000.000000,6.66666667,1.6182949066e+01,5.6374692383e+03
1300,585000.000000,6.77083333,1.6136625290e+01,5.6374541016e+03
1320,594000.000000,6.87500000,1.6135330200e+01,5.6374389648e+03
1340,603000.000000,6.97916667,1.6083456039e+01,5.6374433594e+03
1360,612000.000000,7.08333333,1.6137546539e+01,5.6374208984e+03
1380,621000.000000,7.18750000,1.6128931046e+01,5.6374331055e+03
1400,630000.000000,7.29166667,1.6172342300e+01,5.6374360352e+03
1420,639000.000000,7.39583333,1.6114009857e+01,5.6374345703e+03
1440,648000.000000,7.50000000,1.6046028137e+01,5.6374184570e+03
1460,657000.000000,7.60416667,1.6199527740e+01,5.6373969727e+03
1480,666000.000000,7.70833333,1.6128805161e+01,5.6374101562e+03
1500,675000.000000,7.81250000,1.6071172714e+01,5.6374140625e+03
1520,684000.000000,7.91666667,1.6124843597e+01,5.6374316406e+03
1540,693000.000000,8.02083333,1.6197212219e+01,5.6374208984e+03
1560,702000.000000,8.12500000,1.6079332352e+01,5.6374169922e+03
1580,711000.000000,8.22916667,1.5934871674e+01,5.6374086914e+03
1600,720000.000000,8.33333333,1.6144208908e+01,5.6374174805e+03
1620,729000.000000,8.43750000,1.6037124634e+01,5.6374272461e+03
1640,738000.000000,8.54166667,1.5958261490e+01,5.6374477539e+03
1660,747000.000000,8.64583333,1.5947268486e+01,5.6374643555e+03
1680,756000.000000,8.75000000,1.6041414261e+01,5.6374560547e+03
1700,765000.000000,8.85416667,1.6076637268e+01,5.6374619141e+03
1720,774000.000000,8.95833333,1.5876961708e+01,5.6374550781e+03
1740,783000.000000,9.06250000,1.5885238647e+01,5.6374658203e+03
1760,792000.000000,9.16666667,1.6006172180e+01,5.6374624023e+03
1780,801000.000000,9.27083333,1.5932909966e+01,5.6374677734e+03
1800,810000.000000,9.37500000,1.5928524971e+01,5.6374799805e+03
1820,819000.000000,9.47916667,1.5994153023e+01,5.6374809570e+03
1840,828000.000000,9.58333333,1.6062681198e+01,5.6374907227e+03
1860,837000.000000,9.68750000,1.6025125504e+01,5.6374863281e+03
1880,846000.000000,9.79166667,1.5935707092e+01,5.6374848633e+03
1900,855000.000000,9.89583333,1.6033960342e+01,5.6374833984e+03
1920,864000.000000,10.00000000,1.6011863708e+01,5.6374755859e+03
1940,873000.000000,10.10416667,1.6009260178e+01,5.6374638672e+03
1960,882000.000000,10.20833333,1.5992026329e+01,5.6374619141e+03
1980,891000.000000,10.31250000,1.6044794083e+01,5.6374672852e+03
2000,900000.000000,10.41666667,1.6015802383e+01,5.6374599609e+03
2020,909000.000000,10.52083333,1.5954950333e+01,5.6374658203e+03
2040,918000.000000,10.62500000,1.6034301758e+01,5.6374726562e+03
2060,927000.000000,10.72916667,1.5964019775e+01,5.6374580078e+03
2080,936000.000000,10.83333333,1.6011407852e+01,5.6374541016e+03
2100,945000.000000,10.93750000,1.6005897522e+01,5.6374531250e+03
2120,954000.000000,11.04166667,1.6014472961e+01,5.6374560547e+03
2140,963000.000000,11.14583333,1.6116338730e+01,5.6374497070e+03
2160,972000.000000,11.25000000,1.6126314163e+01,5.6374541016e+03
2180,981000.000000,11.35416667,1.6149452209e+01,5.6374526367e+03
2200,990000.000000,11.45833333,1.6072381973e+01,5.6374453125e+03
2220,999000.000000,11.56250000,1.6041790009e+01,5.6374497070e+03
2240,1008000.000000,11.66666667,1.6180696487e+01,5.6374433594e+03
2260,1017000.000000,11.77083333,1.6124839783e+01,5.6374438477e+03
2280,1026000.000000,11.87500000,1.6075967789e+01,5.6374521484e+03
2300,1035000.000000,11.97916667,1.6078590393e+01,5.6374648438e+03
2320,1044000.000000,12.08333333,1.6131084442e+01,5.6374541016e+03
2340,1053000.000000,12.18750000,1.6143537521e+01,5.6374589844e+03
2360,1062000.000000,12.29166667,1.6011650085e+01,5.6374604492e+03
2380,1071000.000000,12.39583333,1.6061603546e+01,5.6374653320e+03
2400,1080000.000000,12.50000000,1.6131572723e+01,5.6374804688e+03
2420,1089000.000000,12.60416667,1.6102571487e+01,5.6374711914e+03
2440,1098000.000000,12.70833333,1.6022619247e+01,5.6374570312e+03
2460,1107000.000000,12.81250000,1.6083538055e+01,5.6374838867e+03
2480,1116000.000000,12.91666667,1.6166980743e+01,5.6374726562e+03
2500,1125000.000000,13.02083333,1.6126405716e+01,5.6374907227e+03
2520,1134000.000000,13.12500000,1.6130945206e+01,5.6374951172e+03
2540,1143000.000000,13.22916667,1.6088638306e+01,5.6374921875e+03
2560,1152000.000000,13.33333333,1.6084243774e+01,5.6374780273e+03
2580,1161000.000000,13.43750000,1.6121446609e+01,5.6374643555e+03
2600,1170000.000000,13.54166667,1.6089969635e+01,5.6374638672e+03
2620,1179000.000000,13.64583333,1.6080287933e+01,5.6374477539e+03
2640,1188000.000000,13.75000000,1.6080379486e+01,5.6374423828e+03
2660,1197000.000000,13.85416667,1.6127498627e+01,5.6374492188e+03
2680,1206000.000000,13.95833333,1.6075334549e+01,5.6374531250e+03
2700,1215000.000000,14.06250000,1.5931826591e+01,5.6374638672e+03
2720,1224000.000000,14.16666667,1.6019582748e+01,5.6374560547e+03
2740,1233000.000000,14.27083333,1.6057020187e+01,5.6374487305e+03
2760,1242000.000000,14.37500000,1.5993307114e+01,5.6374326172e+03
2780,1251000.000000,14.47916667,1.5935492516e+01,5.6374101562e+03
2800,1260000.000000,14.58333333,1.5957583427e+01,5.6374130859e+03
2820,1269000.000000,14.68750000,1.6030719757e+01,5.6374326172e+03
2840,1278000.000000,14.79166667,1.5996699333e+01,5.6374326172e+03
2860,1287000.000000,14.89583333,1.5908777237e+01,5.6374326172e+03
2880,1296000.000000,15.00000000,1.5904686928e+01,5.6374443359e+03
