step,time_seconds,time_days,mean_wind_sfc,mean_p_s,mean_T_sfc
0,0.000000,0.00000000,1.1788744926e+00,9.9999992188e+04,2.8733950806e+02
20,6000.000000,0.06944444,1.2294012308e+00,1.0000007812e+05,2.8733709717e+02
40,12000.000000,0.13888889,1.4546293020e+00,9.9999906250e+04,2.8732992554e+02
60,18000.000000,0.20833333,1.7032757998e+00,9.9999773438e+04,2.8731665039e+02
80,24000.000000,0.27777778,1.8567776680e+00,9.9999820312e+04,2.8729849243e+02
100,30000.000000,0.34722222,1.9308928251e+00,9.9999734375e+04,2.8726998901e+02
120,36000.000000,0.41666667,2.0389707088e+00,9.9999750000e+04,2.8722265625e+02
140,42000.000000,0.48611111,2.0779328346e+00,1.0000003125e+05,2.8716430664e+02
160,48000.000000,0.55555556,2.0027763844e+00,1.0000014844e+05,2.8710549927e+02
180,54000.000000,0.62500000,1.9076987505e+00,1.0000019531e+05,2.8705346680e+02
200,60000.000000,0.69444444,1.8991127014e+00,1.0000057812e+05,2.8702047729e+02
220,66000.000000,0.76388889,2.0154795647e+00,1.0000042969e+05,2.8700079346e+02
240,72000.000000,0.83333333,2.2315487862e+00,1.0000054688e+05,2.8697610474e+02
260,78000.000000,0.90277778,2.3791823387e+00,1.0000040625e+05,2.8693826294e+02
280,84000.000000,0.97222222,2.4361402988e+00,1.0000035938e+05,2.8689309692e+02
300,90000.000000,1.04166667,2.5122072697e+00,1.0000030469e+05,2.8683795166e+02
320,96000.000000,1.11111111,2.6085028648e+00,1.0000063281e+05,2.8677667236e+02
340,102000.000000,1.18055556,2.6177973747e+00,1.0000081250e+05,2.8671954346e+02
360,108000.000000,1.25000000,2.5662782192e+00,1.0000087500e+05,2.8667102051e+02
380,114000.000000,1.31944444,2.6117630005e+00,1.0000101562e+05,2.8662597656e+02
400,120000.000000,1.38888889,2.7265079021e+00,1.0000099219e+05,2.8658154297e+02
420,126000.000000,1.45833333,2.8145968914e+00,1.0000092969e+05,2.8653210449e+02
440,132000.000000,1.52777778,2.8695371151e+00,1.0000104688e+05,2.8647650146e+02
460,138000.000000,1.59722222,2.9339284897e+00,1.0000110156e+05,2.8642541504e+02
480,144000.000000,1.66666667,2.9968099594e+00,1.0000128125e+05,2.8638220215e+02
500,150000.000000,1.73611111,3.0629754066e+00,1.0000120312e+05,2.8633908081e+02
520,156000.000000,1.80555556,3.1289184093e+00,1.0000107031e+05,2.8629187012e+02
540,162000.000000,1.87500000,3.1332058907e+00,1.0000127344e+05,2.8624591064e+02
560,168000.000000,1.94444444,3.1604175568e+00,1.0000134375e+05,2.8619656372e+02
580,174000.000000,2.01388889,3.2236390114e+00,1.0000161719e+05,2.8614331055e+02
600,180000.000000,2.08333333,3.2680211067e+00,1.0000157812e+05,2.8609033203e+02
620,186000.000000,2.15277778,3.2841711044e+00,1.0000171875e+05,2.8604211426e+02
640,192000.000000,2.22222222,3.3525385857e+00,1.0000163281e+05,2.8599957275e+02
660,198000.000000,2.29166667,3.4352264404e+00,1.0000165625e+05,2.8596368408e+02
680,204000.000000,2.36111111,3.4485063553e+00,1.0000177344e+05,2.8592581177e+02
700,210000.000000,2.43055556,3.4533660412e+00,1.0000160938e+05,2.8588003540e+02
720,216000.000000,2.50000000,3.4706389904e+00,1.0000180469e+05,2.8583377075e+02
740,222000.000000,2.56944444,3.5247848034e+00,1.0000194531e+05,2.8579125977e+02
760,228000.000000,2.63888889,3.5859158039e+00,1.0000206250e+05,2.8575024414e+02
780,234000.000000,2.70833333,3.6363239288e+00,1.0000178906e+05,2.8570895386e+02
800,240000.000000,2.77777778,3.6500349045e+00,1.0000162500e+05,2.8567211914e+02
820,246000.000000,2.84722222,3.6943929195e+00,1.0000161719e+05,2.8563607788e+02
840,252000.000000,2.91666667,3.7591314316e+00,1.0000171875e+05,2.8559814453e+02
860,258000.000000,2.98611111,3.8079807758e+00,1.0000189062e+05,2.8555819702e+02
880,264000.000000,3.05555556,3.8305115700e+00,1.0000225000e+05,2.8551593018e+02
900,270000.000000,3.12500000,3.8653876781e+00,1.0000235156e+05,2.8547488403e+02
920,276000.000000,3.19444444,3.9380636215e+00,1.0000241406e+05,2.8544088745e+02
940,282000.000000,3.26388889,3.9817564487e+00,1.0000228906e+05,2.8540829468e+02
960,288000.000000,3.33333333,4.0285978317e+00,1.0000232031e+05,2.8537066650e+02
980,294000.000000,3.40277778,4.0891871452e+00,1.0000232031e+05,2.8533102417e+02
1000,300000.000000,3.47222222,4.1389551163e+00,1.0000231250e+05,2.8529235840e+02
1020,306000.000000,3.54166667,4.1981263161e+00,1.0000225000e+05,2.8525299072e+02
1040,312000.000000,3.61111111,4.2552814484e+00,1.0000241406e+05,2.8521102905e+02
1060,318000.000000,3.68055556,4.3067121506e+00,1.0000260156e+05,2.8517044067e+02
1080,324000.000000,3.75000000,4.3764390945e+00,1.0000260156e+05,2.8512921143e+02
1100,330000.000000,3.81944444,4.4541206360e+00,1.0000254688e+05,2.8508660889e+02
1120,336000.000000,3.88888889,4.5289301872e+00,1.0000247656e+05,2.8504254150e+02
1140,342000.000000,3.95833333,4.5876555443e+00,1.0000253125e+05,2.8499261475e+02
1160,348000.000000,4.02777778,4.6443591118e+00,1.0000264844e+05,2.8493933105e+02
1180,354000.000000,4.09722222,4.7042379379e+00,1.0000268750e+05,2.8488928223e+02
1200,360000.000000,4.16666667,4.7491354942e+00,1.0000244531e+05,2.8483932495e+02
1220,366000.000000,4.23611111,4.8024692535e+00,1.0000231250e+05,2.8478457642e+02
1240,372000.000000,4.30555556,4.8663516045e+00,1.0000256250e+05,2.8472610474e+02
1260,378000.000000,4.37500000,4.9444227219e+00,1.0000237500e+05,2.8466543579e+02
1280,384000.000000,4.44444444,5.0079383850e+00,1.0000243750e+05,2.8460147095e+02
1300,390000.000000,4.51388889,5.0706057549e+00,1.0000237500e+05,2.8453231812e+02
1320,396000.000000,4.58333333,5.1073007584e+00,1.0000270312e+05,2.8446093750e+02
1340,402000.000000,4.65277778,5.1466665268e+00,1.0000296875e+05,2.8438632202e+02
1360,408000.000000,4.72222222,5.1895055771e+00,1.0000278906e+05,2.8431027222e+02
1380,414000.000000,4.79166667,5.2166233063e+00,1.0000282031e+05,2.8423327637e+02
1400,420000.000000,4.86111111,5.2448086739e+00,1.0000266406e+05,2.8414947510e+02
1420,426000.000000,4.93055556,5.3041462898e+00,1.0000297656e+05,2.8406018066e+02
1440,432000.000000,5.00000000,5.3697690964e+00,1.0000260156e+05,2.8397109985e+02
1460,438000.000000,5.06944444,5.4153814316e+00,1.0000286719e+05,2.8388186646e+02
1480,444000.000000,5.13888889,5.4603843689e+00,1.0000288281e+05,2.8378979492e+02
1500,450000.000000,5.20833333,5.5085697174e+00,1.0000275000e+05,2.8369445801e+02
1520,456000.000000,5.27777778,5.5656023026e+00,1.0000237500e+05,2.8359790039e+02
1540,462000.000000,5.34722222,5.6245865822e+00,1.0000254688e+05,2.8349813843e+02
1560,468000.000000,5.41666667,5.6792950630e+00,1.0000221094e+05,2.8339468384e+02
1580,474000.000000,5.48611111,5.7477593422e+00,1.0000196094e+05,2.8328936768e+02
1600,480000.000000,5.55555556,5.8529763222e+00,1.0000249219e+05,2.8318188477e+02
1620,486000.000000,5.62500000,5.9583210945e+00,1.0000223438e+05,2.8307565308e+02
1640,492000.000000,5.69444444,6.0258555412e+00,1.0000219531e+05,2.8297128296e+02
1660,498000.000000,5.76388889,6.0901179314e+00,1.0000190625e+05,2.8286459351e+02
1680,504000.000000,5.83333333,6.1650285721e+00,1.0000204688e+05,2.8275619507e+02
1700,510000.000000,5.90277778,6.2439041138e+00,1.0000232812e+05,2.8264898682e+02
1720,516000.000000,5.97222222,6.3241634369e+00,1.0000213281e+05,2.8254272461e+02
1740,522000.000000,6.04166667,6.4002828598e+00,1.0000207812e+05,2.8243518066e+02
1760,528000.000000,6.11111111,6.4598369598e+00,1.0000214844e+05,2.8232803345e+02
1780,534000.000000,6.18055556,6.5332326889e+00,1.0000268750e+05,2.8222460938e+02
1800,540000.000000,6.25000000,6.6261010170e+00,1.0000256250e+05,2.8212310791e+02
1820,546000.000000,6.31944444,6.7005162239e+00,1.0000232031e+05,2.8202212524e+02
1840,552000.000000,6.38888889,6.7480416298e+00,1.0000241406e+05,2.8192172241e+02
1860,558000.000000,6.45833333,6.7921743393e+00,1.0000218750e+05,2.8182208252e+02
1880,564000.000000,6.52777778,6.8443694115e+00,1.0000200000e+05,2.8172677612e+02
1900,570000.000000,6.59722222,6.9007072449e+00,1.0000164844e+05,2.8163595581e+02
1920,576000.000000,6.66666667,6.9458723068e+00,1.0000114062e+05,2.8154687500e+02
1940,582000.000000,6.73611111,6.9799251556e+00,1.0000113281e+05,2.8145919800e+02
1960,588000.000000,6.80555556,7.0081386566e+00,1.0000103125e+05,2.8137573242e+02
1980,594000.000000,6.87500000,7.0589361191e+00,1.0000080469e+05,2.8129745483e+02
2000,600000.000000,6.94444444,7.1073880196e+00,1.0000070312e+05,2.8122009277e+02
2020,606000.000000,7.01388889,7.1300420761e+00,1.0000104688e+05,2.8114361572e+02
2040,612000.000000,7.08333333,7.1400084496e+00,1.0000128906e+05,2.8107159424e+02
2060,618000.000000,7.15277778,7.1781640053e+00,1.0000121875e+05,2.8100393677e+02
2080,624000.000000,7.22222222,7.2194933891e+00,1.0000127344e+05,2.8093954468e+02
2100,630000.000000,7.29166667,7.2521500587e+00,1.0000144531e+05,2.8087512207e+02
2120,636000.000000,7.36111111,7.2856698036e+00,1.0000148438e+05,2.8081069946e+02
2140,642000.000000,7.43055556,7.3369207382e+00,1.0000146875e+05,2.8074963379e+02
2160,648000.000000,7.50000000,7.4023299217e+00,1.0000139062e+05,2.8069137573e+02
2180,654000.000000,7.56944444,7.4592823982e+00,1.0000123438e+05,2.8063391113e+02
2200,660000.000000,7.63888889,7.4987602234e+00,1.0000111719e+05,2.8057568359e+02
2220,666000.000000,7.70833333,7.5439419746e+00,1.0000127344e+05,2.8051922607e+02
2240,672000.000000,7.77777778,7.6067800522e+00,1.0000132812e+05,2.8046566772e+02
2260,678000.000000,7.84722222,7.6758456230e+00,1.0000132031e+05,2.8041067505e+02
2280,684000.000000,7.91666667,7.7393112183e+00,1.0000123438e+05,2.8035229492e+02
2300,690000.000000,7.98611111,7.7925653458e+00,1.0000121094e+05,2.8029205322e+02
2320,696000.000000,8.05555556,7.8516006470e+00,1.0000141406e+05,2.8023178101e+02
2340,702000.000000,8.12500000,7.9234671593e+00,1.0000147656e+05,2.8017135620e+02
2360,708000.000000,8.19444444,7.9890685081e+00,1.0000152344e+05,2.8010702515e+02
2380,714000.000000,8.26388889,8.0429105759e+00,1.0000175000e+05,2.8003866577e+02
2400,720000.000000,8.33333333,8.0976991653e+00,1.0000190625e+05,2.7996948242e+02
2420,726000.000000,8.40277778,8.1688690186e+00,1.0000187500e+05,2.7990002441e+02
2440,732000.000000,8.47222222,8.2404108047e+00,1.0000190625e+05,2.7982806396e+02
2460,738000.000000,8.54166667,8.2917213440e+00,1.0000203125e+05,2.7975085449e+02
2480,744000.000000,8.61111111,8.3326711655e+00,1.0000241406e+05,2.7967089844e+02
2500,750000.000000,8.68055556,8.3797082901e+00,1.0000237500e+05,2.7959085083e+02
2520,756000.000000,8.75000000,8.4360446930e+00,1.0000251562e+05,2.7950918579e+02
2540,762000.000000,8.81944444,8.4900264740e+00,1.0000257031e+05,2.7942297363e+02
2560,768000.000000,8.88888889,8.5350341797e+00,1.0000262500e+05,2.7933166504e+02
2580,774000.000000,8.95833333,8.5863275528e+00,1.0000260156e+05,2.7923901367e+02
2600,780000.000000,9.02777778,8.6637363434e+00,1.0000257812e+05,2.7914700317e+02
2620,786000.000000,9.09722222,8.7401266098e+00,1.0000291406e+05,2.7905261230e+02
2640,792000.000000,9.16666667,8.8053979874e+00,1.0000337500e+05,2.7895370483e+02
2660,798000.000000,9.23611111,8.8632068634e+00,1.0000330469e+05,2.7885247803e+02
2680,804000.000000,9.30555556,8.9349718094e+00,1.0000343750e+05,2.7875173950e+02
2700,810000.000000,9.37500000,9.0111131668e+00,1.0000328906e+05,2.7865100098e+02
2720,816000.000000,9.44444444,9.0792055130e+00,1.0000310938e+05,2.7854733276e+02
2740,822000.000000,9.51388889,9.1405525208e+00,1.0000290625e+05,2.7844097900e+02
2760,828000.000000,9.58333333,9.2009887695e+00,1.0000278906e+05,2.7833386230e+02
2780,834000.000000,9.65277778,9.2700901031e+00,1.0000257812e+05,2.7822802734e+02
2800,840000.000000,9.72222222,9.3473796844e+00,1.0000256250e+05,2.7812145996e+02
2820,846000.000000,9.79166667,9.4195165634e+00,1.0000257812e+05,2.7801159668e+02
2840,852000.000000,9.86111111,9.4889955521e+00,1.0000292969e+05,2.7790042114e+02
2860,858000.000000,9.93055556,9.5595865250e+00,1.0000313281e+05,2.7779013062e+02
2880,864000.000000,10.00000000,9.6275463104e+00,1.0000293750e+05,2.7768093872e+02
