preconditioner,M,rel_residual,reductions_per_step,n_ranks,n_lat,n_lon
jacobi,2,3.664794e-01,4,4,192,384
jacobi,4,2.223810e-01,8,4,192,384
jacobi,6,1.414120e-01,12,4,192,384
jacobi,8,9.090773e-02,16,4,192,384
jacobi,12,4.558338e-02,24,4,192,384
jacobi,20,2.061875e-02,40,4,192,384
jacobi,40,8.601362e-03,80,4,192,384
jacobi,60,5.228390e-03,120,4,192,384
multigrid,2,5.431961e-02,4,4,192,384
multigrid,4,7.620383e-03,8,4,192,384
multigrid,6,1.236164e-03,12,4,192,384
multigrid,8,1.781803e-04,16,4,192,384
multigrid,12,4.499953e-06,24,4,192,384
multigrid,20,3.168157e-09,40,4,192,384
multigrid,40,1.696824e-16,80,4,192,384
multigrid,60,1.696824e-16,120,4,192,384
